0,0,0.40698,0.17223,0.59738
0,1,0.23579,0.95184,0.55414
0,2,0.35930,0.70671,0.75081
0,3,0.79942,0.77591,0.78636
0,4,0.34353,0.71211,0.47451
0,5,0.07415,0.22909,0.34137
0,6,0.46181,0.64278,0.25312
0,7,0.20965,0.52685,0.79923
0,8,0.63669,0.79570,0.24835
0,9,0.01635,0.74068,0.57388
0,10,0.21013,0.59366,0.55976
0,11,0.90999,0.11832,0.62806
0,12,0.84784,0.61455,0.69372
0,13,0.28085,0.19005,0.20457
0,14,0.27242,0.55083,0.82840
0,15,0.87777,0.72752,0.45802
0,16,0.96304,0.75301,0.90247
0,17,0.83350,0.60769,0.42270
0,18,0.31206,0.71107,0.01458
0,19,0.10720,0.75975,0.17556
0,20,0.70419,0.40441,0.94836
0,21,0.12414,0.38211,0.07075
0,22,0.01699,0.61709,0.34805
0,23,0.74925,0.64444,0.11557
0,24,0.33769,0.63305,0.75034
0,25,0.89388,0.48304,0.51633
0,26,0.96552,0.53409,0.51601
0,27,0.60164,0.79561,0.85239
0,28,0.14723,0.44178,0.98445
0,29,0.64906,0.71943,0.39975
0,30,0.52590,0.73560,0.19499
0,31,0.11628,0.39393,0.72879
0,32,0.79178,0.45206,0.69989
0,33,0.04138,0.45615,0.51244
0,34,0.49524,0.42420,0.55641
0,35,0.55516,0.51720,0.49888
0,36,0.65516,0.19798,0.51307
0,37,0.17077,0.14950,0.72933
0,38,0.89166,0.06909,0.12011
0,39,0.72277,0.57843,0.73756
0,40,0.21140,0.00780,0.07340
0,41,0.67912,0.05273,0.30301
0,42,0.68239,0.88234,0.42537
0,43,0.17957,0.96136,0.56440
0,44,0.93710,0.87549,0.41233
0,45,0.09088,0.50062,0.85871
0,46,0.37833,0.63607,0.49118
0,47,0.33497,0.82493,0.63098
0,48,0.91841,0.78704,0.77016
0,49,0.11894,0.09020,0.06381
0,50,0.45276,0.47572,0.40124
0,51,0.67011,0.55368,0.72750
0,52,0.07952,0.53253,0.16842
0,53,0.66479,0.14436,0.30352
0,54,0.25097,0.05662,0.57829
0,55,0.39675,0.17973,0.74517
0,56,0.02950,0.72779,0.89282
0,57,0.58761,0.99762,0.08243
0,58,0.32304,0.39270,0.16039
0,59,0.64614,0.66085,0.87468
0,60,0.79241,0.00815,0.02701
0,61,0.92148,0.33299,0.50352
0,62,0.58033,0.54393,0.78241
0,63,0.03720,0.20954,0.73197
0,64,0.18597,0.62331,0.89174
0,65,0.47566,0.35447,0.62248
0,66,0.09744,0.73100,0.99429
0,67,0.96031,0.99805,0.18777
0,68,0.92938,0.06338,0.23161
0,69,0.63627,0.79422,0.41154
0,70,0.73951,0.87401,0.47052
0,71,0.10308,0.43294,0.50519
0,72,0.66603,0.91892,0.28604
0,73,0.44197,0.18495,0.44907
0,74,0.44867,0.86739,0.29443
0,75,0.46734,0.52625,0.69587
0,76,0.50754,0.17227,0.36434
0,77,0.54442,0.00660,0.89111
0,78,0.95026,0.05010,0.98206
0,79,0.50507,0.78580,0.88608
0,80,0.39662,0.95833,0.58553
0,81,0.03726,0.30894,0.37122
0,82,0.08800,0.04194,0.83665
0,83,0.54840,0.89989,0.46472
0,84,0.58076,0.78087,0.06512
0,85,0.45576,0.02408,0.67043
0,86,0.89910,0.16834,0.27019
0,87,0.03128,0.72434,0.00801
0,88,0.66428,0.58401,0.37545
0,89,0.23924,0.88072,0.29829
0,90,0.34209,0.53123,0.37969
0,91,0.48953,0.59329,0.45649
0,92,0.27051,0.39749,0.66108
0,93,0.84202,0.79644,0.70247
0,94,0.49323,0.75670,0.90476
0,95,0.31332,0.00374,0.79868
0,96,0.37053,0.52682,0.23745
0,97,0.85425,0.44567,0.34188
0,98,0.98405,0.85028,0.71133
0,99,0.30075,0.69764,0.30369
0,100,0.13086,0.41113,0.93552
0,101,0.26174,0.13838,0.81384
0,102,0.17806,0.61425,0.62916
0,103,0.33661,0.40759,0.28310
0,104,0.13435,0.99593,0.59862
0,105,0.01538,0.51316,0.59936
0,106,0.39966,0.14682,0.59349
0,107,0.73677,0.83519,0.01179
0,108,0.14953,0.10700,0.37916
0,109,0.55951,0.74088,0.93858
0,110,0.67293,0.92256,0.50718
0,111,0.13516,0.61379,0.95538
0,112,0.00918,0.36675,0.99415
0,113,0.72700,0.63790,0.16424
0,114,0.44503,0.67005,0.47612
0,115,0.07868,0.31634,0.74776
0,116,0.64411,0.48818,0.85342
0,117,0.49384,0.00463,0.79993
0,118,0.47826,0.07298,0.54702
0,119,0.71870,0.21774,0.48637
0,120,0.36102,0.67054,0.79717
0,121,0.97579,0.18414,0.77857
0,122,0.50029,0.42780,0.01870
0,123,0.21287,0.69839,0.82975
0,124,0.57156,0.19568,0.71976
0,125,0.02862,0.00235,0.43982
0,126,0.08422,0.43601,0.00096
0,127,0.11062,0.19458,0.33377
0,128,0.58982,0.02205,0.57985
0,129,0.57770,0.41400,0.04790
0,130,0.99976,0.94402,0.19898
0,131,0.31980,0.86238,0.04305
0,132,0.49648,0.36287,0.75481
0,133,0.03416,0.08014,0.96585
0,134,0.06226,0.36420,0.17658
0,135,0.77495,0.52331,0.18745
0,136,0.45349,0.75607,0.34462
0,137,0.98117,0.47568,0.79972
0,138,0.93879,0.23983,0.79566
0,139,0.65519,0.76738,0.41331
0,140,0.48038,0.78120,0.67692
0,141,0.04830,0.75309,0.24372
0,142,0.25348,0.22539,0.04771
0,143,0.83013,0.06059,0.33273
0,144,0.22692,0.86060,0.10530
0,145,0.75623,0.90459,0.46552
0,146,0.95415,0.42327,0.97108
0,147,0.91384,0.90145,0.58862
0,148,0.90455,0.72080,0.47592
0,149,0.79884,0.11778,0.44736
0,150,0.84007,0.05816,0.53241
0,151,0.27130,0.77341,0.65866
0,152,0.05289,0.93985,0.13089
0,153,0.91628,0.91052,0.05166
0,154,0.25250,0.74241,0.67978
0,155,0.06195,0.27345,0.84383
0,156,0.22586,0.04119,0.34467
0,157,0.82323,0.02092,0.64315
0,158,0.48243,0.26520,0.27139
0,159,0.32658,0.85887,0.95150
0,160,0.89314,0.92023,0.24264
0,161,0.10278,0.47018,0.34142
0,162,0.28638,0.20107,0.31866
0,163,0.67025,0.81745,0.90118
0,164,0.16336,0.62453,0.55908
0,165,0.39048,0.75256,0.24401
0,166,0.05706,0.04208,0.17071
0,167,0.06295,0.07513,0.69357
0,168,0.75397,0.97901,0.18101
0,169,0.28028,0.59119,0.13279
0,170,0.72367,0.71298,0.06536
0,171,0.47180,0.58776,0.49667
0,172,0.54510,0.41408,0.42498
0,173,0.59973,0.72288,0.52430
0,174,0.84629,0.60705,0.73145
0,175,0.45887,0.28266,0.70862
0,176,0.75870,0.46847,0.64236
0,177,0.16339,0.15274,0.04440
0,178,0.19367,0.04996,0.70486
0,179,0.61255,0.08322,0.75045
0,180,0.77738,0.49868,0.24878
0,181,0.16492,0.83022,0.45275
0,182,0.40602,0.05724,0.00472
0,183,0.27426,0.43525,0.24797
0,184,0.60022,0.87812,0.53030
0,185,0.70412,0.21752,0.84818
0,186,0.31021,0.71365,0.32089
0,187,0.19951,0.15990,0.47715
0,188,0.41142,0.66269,0.87501
0,189,0.28662,0.24542,0.78606
0,190,0.27654,0.85962,0.69879
0,191,0.51249,0.40041,0.69016
0,192,0.60116,0.65346,0.77757
0,193,0.66149,0.69433,0.65454
0,194,0.89748,0.94704,0.84928
0,195,0.86868,0.85069,0.57567
0,196,0.33244,0.25803,0.70275
0,197,0.08669,0.91532,0.78046
0,198,0.24875,0.75072,0.32432
0,199,0.79668,0.80644,0.88397
0,200,0.80874,0.48499,0.19897
0,201,0.16499,0.91339,0.41417
0,202,0.93822,0.69415,0.52314
0,203,0.44460,0.45718,0.80365
0,204,0.90208,0.30961,0.60132
0,205,0.44943,0.65239,0.66285
0,206,0.45396,0.75011,0.06680
0,207,0.63618,0.26938,0.50966
0,208,0.88777,0.69286,0.83136
0,209,0.62793,0.58923,0.25580
0,210,0.30939,0.89793,0.42577
0,211,0.99195,0.71367,0.66106
0,212,0.35793,0.78963,0.24648
0,213,0.60662,0.50477,0.62221
0,214,0.46268,0.18440,0.27809
0,215,0.81084,0.77282,0.77659
0,216,0.15470,0.05692,0.57937
0,217,0.43799,0.24743,0.55542
0,218,0.89250,0.30473,0.54371
0,219,0.17829,0.43884,0.64701
0,220,0.30107,0.01270,0.50945
0,221,0.32848,0.80603,0.88732
0,222,0.26228,0.17224,0.77809
0,223,0.31178,0.12312,0.32703
0,224,0.42204,0.25537,0.96395
0,225,0.10686,0.05063,0.91063
0,226,0.02300,0.51673,0.63339
0,227,0.30961,0.60478,0.58914
0,228,0.62994,0.38620,0.93708
0,229,0.53007,0.86052,0.69438
0,230,0.51839,0.64392,0.39568
0,231,0.27489,0.11804,0.90880
0,232,0.21928,0.38329,0.95742
0,233,0.30052,0.89549,0.53622
0,234,0.24247,0.21459,0.68561
0,235,0.04256,0.25225,0.50914
0,236,0.15325,0.65439,0.33439
0,237,0.11065,0.63989,0.70237
0,238,0.77704,0.75591,0.50289
0,239,0.13644,0.20562,0.77142
0,240,0.28595,0.03511,0.08369
0,241,0.59195,0.95961,0.16156
0,242,0.41005,0.77417,0.48361
0,243,0.05325,0.04726,0.22232
0,244,0.59672,0.04476,0.35858
0,245,0.68106,0.57321,0.90796
0,246,0.16381,0.09111,0.29202
0,247,0.02480,0.82062,0.10598
0,248,0.25168,0.92319,0.11881
0,249,0.85442,0.26926,0.41355
0,250,0.51658,0.18623,0.94247
0,251,0.17703,0.40724,0.43738
0,252,0.00886,0.97944,0.43153
0,253,0.78104,0.98499,0.70530
0,254,0.01329,0.32030,0.23280
0,255,0.68053,0.72265,0.55871
0,256,0.30673,0.16832,0.00285
0,257,0.96351,0.75775,0.43681
0,258,0.40099,0.37612,0.42545
0,259,0.57824,0.47409,0.05835
0,260,0.67813,0.30679,0.26540
0,261,0.57538,0.45076,0.95729
0,262,0.14984,0.44285,0.94929
0,263,0.64487,0.31052,0.92017
0,264,0.22907,0.90692,0.53611
0,265,0.48014,0.66700,0.23476
0,266,0.66450,0.25849,0.49852
0,267,0.69361,0.57631,0.04902
0,268,0.89903,0.02559,0.04313
0,269,0.83137,0.84263,0.06538
0,270,0.77661,0.45846,0.30155
0,271,0.13313,0.56691,0.00945
0,272,0.79936,0.78815,0.40212
0,273,0.39582,0.47896,0.92148
0,274,0.23524,0.72808,0.82546
0,275,0.46243,0.05239,0.45592
0,276,0.66933,0.39052,0.45316
0,277,0.24373,0.33429,0.48459
0,278,0.42827,0.85140,0.41508
0,279,0.30529,0.00963,0.81767
0,280,0.51999,0.39507,0.94704
0,281,0.95898,0.50232,0.41489
0,282,0.01592,0.59804,0.18999
0,283,0.08009,0.05456,0.93374
0,284,0.43609,0.41387,0.89059
0,285,0.13461,0.35938,0.12472
0,286,0.16188,0.63851,0.38277
0,287,0.15274,0.02579,0.39681
0,288,0.22051,0.03485,0.69206
0,289,0.39828,0.87835,0.43709
0,290,0.13182,0.54907,0.19698
0,291,0.65808,0.41716,0.19355
0,292,0.92547,0.37766,0.28102
0,293,0.12896,0.48555,0.64938
0,294,0.09647,0.38479,0.11767
0,295,0.63953,0.66331,0.27358
0,296,0.02114,0.30160,0.95304
0,297,0.72867,0.73421,0.90448
0,298,0.54947,0.00440,0.88390
0,299,0.70443,0.37154,0.53241
0,300,0.17272,0.92343,0.05402
0,301,0.89583,0.20373,0.12098
0,302,0.34229,0.93054,0.63413
0,303,0.86078,0.15024,0.11116
0,304,0.22246,0.80314,0.44107
0,305,0.12223,0.24355,0.37831
0,306,0.31969,0.07610,0.98982
0,307,0.89335,0.51541,0.49331
0,308,0.00843,0.66398,0.56174
0,309,0.12989,0.99233,0.04592
0,310,0.70160,0.82367,0.48351
0,311,0.42337,0.51365,0.88034
0,312,0.95484,0.07097,0.79427
0,313,0.35747,0.92273,0.35567
0,314,0.76007,0.48246,0.71604
0,315,0.50568,0.97117,0.39971
0,316,0.00821,0.03706,0.92534
0,317,0.24466,0.97224,0.45445
0,318,0.97860,0.26649,0.95983
0,319,0.84508,0.32773,0.19709
0,320,0.46145,0.61738,0.28310
0,321,0.00617,0.67004,0.29465
0,322,0.24352,0.85134,0.48580
0,323,0.90294,0.70049,0.07695
0,324,0.33652,0.83816,0.01045
0,325,0.59909,0.88498,0.78450
0,326,0.12975,0.65627,0.85768
0,327,0.09140,0.18040,0.92189
0,328,0.17168,0.35433,0.26647
0,329,0.48785,0.32723,0.79317
0,330,0.84223,0.40043,0.06469
0,331,0.21047,0.39055,0.02099
0,332,0.70487,0.76724,0.92761
0,333,0.28964,0.99724,0.64312
0,334,0.97709,0.00176,0.59135
0,335,0.74621,0.61111,0.97580
0,336,0.26931,0.30432,0.75301
0,337,0.91718,0.12454,0.14569
0,338,0.68495,0.91446,0.35434
0,339,0.45846,0.37287,0.83700
0,340,0.39821,0.68810,0.90719
0,341,0.16321,0.11971,0.88998
0,342,0.90711,0.77784,0.08968
0,343,0.16948,0.41266,0.51807
0,344,0.24827,0.61378,0.85366
0,345,0.54409,0.51998,0.37704
0,346,0.88398,0.04431,0.77241
0,347,0.91917,0.53396,0.20724
0,348,0.08568,0.98117,0.52212
0,349,0.34496,0.70077,0.86971
0,350,0.23645,0.95900,0.93014
0,351,0.79654,0.42525,0.24885
0,352,0.37825,0.26505,0.70146
0,353,0.39463,0.49482,0.46633
0,354,0.64815,0.51117,0.24906
0,355,0.97457,0.58869,0.16988
0,356,0.09270,0.96639,0.05892
0,357,0.26088,0.67381,0.77840
0,358,0.51126,0.77883,0.74525
0,359,0.47179,0.30061,0.37522
0,360,0.38582,0.54074,0.19504
0,361,0.98719,0.65592,0.97783
0,362,0.46116,0.72470,0.04023
0,363,0.07218,0.16411,0.25788
0,364,0.25131,0.76838,0.17146
0,365,0.71694,0.63251,0.60270
0,366,0.63327,0.35915,0.15184
0,367,0.89756,0.22001,0.73360
0,368,0.58554,0.21195,0.23237
0,369,0.48201,0.15895,0.40668
0,370,0.00569,0.58423,0.16037
0,371,0.36050,0.92619,0.54724
0,372,0.43854,0.60229,0.67358
0,373,0.93412,0.80741,0.22259
0,374,0.09370,0.86860,0.64308
0,375,0.29496,0.43122,0.54267
0,376,0.71802,0.68423,0.93104
0,377,0.95465,0.81333,0.63687
0,378,0.95376,0.85047,0.85354
0,379,0.40731,0.67845,0.74516
0,380,0.84901,0.33485,0.87848
0,381,0.65692,0.85236,0.66463
0,382,0.42715,0.09347,0.90597
0,383,0.69327,0.71944,0.61373
0,384,0.90056,0.74071,0.14824
0,385,0.50532,0.95704,0.97564
0,386,0.63200,0.09509,0.13836
0,387,0.37168,0.81918,0.93596
0,388,0.73131,0.11877,0.08939
0,389,0.45047,0.99330,0.46619
0,390,0.18877,0.68201,0.56580
0,391,0.38116,0.21371,0.77829
0,392,0.65136,0.48116,0.91846
0,393,0.56118,0.83048,0.81939
0,394,0.46800,0.73510,0.80067
0,395,0.89393,0.30471,0.27409
0,396,0.70148,0.83549,0.14997
0,397,0.46974,0.86873,0.82242
0,398,0.43899,0.04485,0.71706
0,399,0.61571,0.27822,0.02191
0,400,0.30257,0.36980,0.15537
0,401,0.32576,0.05285,0.29478
0,402,0.39178,0.65881,0.59069
0,403,0.77765,0.97948,0.18401
0,404,0.61322,0.41430,0.08089
0,405,0.45210,0.37023,0.38447
0,406,0.80760,0.35488,0.54189
0,407,0.49747,0.97483,0.99702
0,408,0.93365,0.88011,0.99159
0,409,0.72967,0.52593,0.30661
0,410,0.19201,0.08059,0.50755
0,411,0.42643,0.05401,0.82725
0,412,0.66963,0.50715,0.64984
0,413,0.82401,0.11374,0.65585
0,414,0.93759,0.11605,0.44330
0,415,0.55794,0.31482,0.20386
0,416,0.32272,0.94747,0.08660
0,417,0.46520,0.53831,0.40542
0,418,0.84372,0.48120,0.50592
0,419,0.05064,0.07717,0.01559
0,420,0.04238,0.24954,0.06365
0,421,0.83731,0.65153,0.19225
0,422,0.13442,0.26721,0.07078
0,423,0.52150,0.80598,0.17833
0,424,0.25405,0.88610,0.66264
0,425,0.92775,0.61043,0.55525
0,426,0.06734,0.79396,0.13451
0,427,0.65366,0.12148,0.75993
0,428,0.13550,0.42721,0.09287
0,429,0.88691,0.22609,0.96534
0,430,0.39164,0.33178,0.19707
0,431,0.13599,0.61846,0.43577
0,432,0.04043,0.54447,0.87689
0,433,0.89316,0.26209,0.94477
0,434,0.69886,0.76659,0.14712
0,435,0.64260,0.15695,0.80835
0,436,0.01655,0.13784,0.65543
0,437,0.78991,0.02182,0.70344
0,438,0.64816,0.58670,0.72025
0,439,0.32153,0.02112,0.90648
0,440,0.26780,0.99398,0.78230
0,441,0.15050,0.39495,0.95695
0,442,0.39867,0.42538,0.40069
0,443,0.43003,0.43718,0.63793
0,444,0.68102,0.88518,0.28947
0,445,0.14433,0.69936,0.19141
0,446,0.10377,0.08136,0.42986
0,447,0.62534,0.13602,0.06768
0,448,0.44174,0.27472,0.14474
0,449,0.65078,0.71253,0.52897
0,450,0.42179,0.95396,0.26944
0,451,0.39936,0.10352,0.90588
0,452,0.17835,0.60748,0.86954
0,453,0.28778,0.65040,0.31334
0,454,0.31419,0.50812,0.96685
0,455,0.80160,0.51546,0.30830
0,456,0.56446,0.86860,0.63458
0,457,0.31339,0.08824,0.98998
0,458,0.60003,0.67560,0.79354
0,459,0.02870,0.41814,0.62570
0,460,0.08700,0.24487,0.59421
0,461,0.82743,0.56565,0.96105
0,462,0.30963,0.96692,0.10567
0,463,0.99941,0.04511,0.14269
0,464,0.20954,0.70900,0.12256
0,465,0.92168,0.75360,0.80381
0,466,0.70926,0.54654,0.62950
0,467,0.99605,0.67064,0.38172
0,468,0.51100,0.30448,0.46023
0,469,0.15348,0.56154,0.81283
0,470,0.20004,0.08660,0.55754
0,471,0.55267,0.79261,0.45663
0,472,0.60183,0.00536,0.13006
0,473,0.00197,0.03388,0.48386
0,474,0.19055,0.65743,0.39743
0,475,0.56786,0.98608,0.06701
0,476,0.15880,0.90167,0.44276
0,477,0.47754,0.09535,0.48529
0,478,0.22151,0.88284,0.85089
0,479,0.84308,0.64899,0.65718
0,480,0.17037,0.48233,0.52914
0,481,0.29615,0.44280,0.16930
0,482,0.45736,0.92851,0.38937
0,483,0.11342,0.21545,0.02262
0,484,0.14359,0.30790,0.80606
0,485,0.46396,0.70344,0.66117
0,486,0.20251,0.53630,0.59805
0,487,0.48027,0.81665,0.45596
0,488,0.26714,0.77293,0.61009
0,489,0.77540,0.22696,0.46307
0,490,0.88423,0.25393,0.79175
0,491,0.88745,0.43231,0.91783
0,492,0.97698,0.15116,0.56057
0,493,0.57854,0.57687,0.43314
0,494,0.83699,0.27551,0.43866
0,495,0.52695,0.44644,0.39496
0,496,0.04786,0.34162,0.53680
0,497,0.08062,0.05426,0.86709
0,498,0.10819,0.37357,0.59223
0,499,0.68215,0.90446,0.23994
0,500,0.68487,0.69341,0.09171
0,501,0.42730,0.69659,0.55815
0,502,0.82388,0.88117,0.79179
0,503,0.69657,0.20347,0.66285
0,504,0.60357,0.22647,0.21813
0,505,0.19210,0.64789,0.13347
0,506,0.19265,0.87078,0.26145
0,507,0.21733,0.61495,0.41917
0,508,0.04295,0.77839,0.39839
0,509,0.74085,0.40530,0.81958
0,510,0.73151,0.54584,0.90837
0,511,0.95379,0.38227,0.84624
0,512,0.78895,0.95492,0.27894
0,513,0.12572,0.01653,0.73599
0,514,0.84770,0.23464,0.63079
0,515,0.76963,0.18874,0.08088
0,516,0.41137,0.84758,0.21437
0,517,0.99231,0.83418,0.07828
0,518,0.67729,0.16285,0.93853
0,519,0.79182,0.13530,0.94879
0,520,0.38601,0.61267,0.09226
0,521,0.63220,0.41920,0.44619
0,522,0.13139,0.20701,0.23024
0,523,0.70444,0.47270,0.65832
0,524,0.37151,0.97638,0.07056
0,525,0.94331,0.25540,0.44745
0,526,0.24834,0.83622,0.39848
0,527,0.31739,0.37734,0.95569
0,528,0.21409,0.17814,0.04686
0,529,0.62128,0.89084,0.31423
0,530,0.32591,0.61341,0.51293
0,531,0.78504,0.22247,0.04776
0,532,0.65464,0.56657,0.35343
0,533,0.01832,0.88906,0.45558
0,534,0.90655,0.30251,0.34187
0,535,0.85074,0.36714,0.48588
0,536,0.11305,0.07329,0.77187
0,537,0.81991,0.30841,0.47984
0,538,0.63765,0.94750,0.59477
0,539,0.34532,0.74749,0.01713
0,540,0.95322,0.72013,0.15990
0,541,0.41557,0.47210,0.56002
0,542,0.21577,0.47400,0.47454
0,543,0.63902,0.96895,0.15550
0,544,0.53508,0.11814,0.63239
0,545,0.65482,0.58779,0.01732
0,546,0.09645,0.05814,0.12500
0,547,0.94020,0.98276,0.16739
0,548,0.32158,0.80045,0.17635
0,549,0.93458,0.45681,0.67827
0,550,0.66835,0.00375,0.94772
0,551,0.37617,0.27457,0.77056
0,552,0.87352,0.30441,0.25955
0,553,0.28371,0.37104,0.00284
0,554,0.71431,0.46303,0.20774
0,555,0.52214,0.53451,0.54600
0,556,0.63061,0.74264,0.58149
0,557,0.12163,0.21714,0.52870
0,558,0.80780,0.64019,0.68537
0,559,0.96599,0.37531,0.83134
0,560,0.30713,0.98684,0.74925
0,561,0.69913,0.30163,0.50769
0,562,0.68018,0.72779,0.98068
0,563,0.23082,0.42297,0.88881
0,564,0.16805,0.42853,0.28325
0,565,0.58145,0.44230,0.73713
0,566,0.98673,0.97635,0.44398
0,567,0.02799,0.49330,0.91789
0,568,0.90331,0.96377,0.00651
0,569,0.40816,0.90709,0.44244
0,570,0.03776,0.70340,0.96125
0,571,0.77811,0.75234,0.51676
0,572,0.10622,0.29662,0.25593
0,573,0.39551,0.29535,0.02441
0,574,0.18461,0.82080,0.23217
0,575,0.10039,0.17991,0.70346
0,576,0.99804,0.98352,0.05618
0,577,0.27568,0.38047,0.47691
0,578,0.39737,0.64115,0.72812
0,579,0.59641,0.85533,0.46586
0,580,0.70447,0.97158,0.40309
0,581,0.67717,0.17039,0.78534
0,582,0.27769,0.06741,0.99996
0,583,0.31843,0.90018,0.35491
0,584,0.99461,0.43236,0.72030
0,585,0.07255,0.38727,0.79320
0,586,0.33446,0.33808,0.10582
0,587,0.55187,0.25318,0.24005
0,588,0.52896,0.28474,0.59576
0,589,0.86464,0.97690,0.81643
0,590,0.71157,0.38008,0.00742
0,591,0.71017,0.88048,0.14552
0,592,0.81325,0.28001,0.11589
0,593,0.80016,0.22152,0.01859
0,594,0.50536,0.57300,0.39418
0,595,0.03768,0.23642,0.51824
0,596,0.11652,0.37161,0.62577
0,597,0.39634,0.25375,0.85340
0,598,0.07720,0.45894,0.39500
0,599,0.77983,0.67633,0.03577
0,600,0.25151,0.17567,0.46291
0,601,0.05001,0.55394,0.14718
0,602,0.70463,0.70326,0.69497
0,603,0.38080,0.11919,0.19805
0,604,0.69729,0.28503,0.54641
0,605,0.53944,0.43512,0.00253
0,606,0.48804,0.42194,0.59690
0,607,0.05434,0.29425,0.41847
0,608,0.27089,0.81974,0.38619
0,609,0.76896,0.96684,0.70259
0,610,0.43090,0.14537,0.18164
0,611,0.83028,0.58191,0.15195
0,612,0.77070,0.21115,0.80020
0,613,0.99082,0.65702,0.48611
0,614,0.04637,0.28255,0.84986
0,615,0.53402,0.20445,0.23603
0,616,0.94451,0.34598,0.94805
0,617,0.82342,0.15358,0.14208
0,618,0.86914,0.69486,0.48075
0,619,0.90113,0.36035,0.45286
0,620,0.18620,0.51099,0.23570
0,621,0.37461,0.13830,0.48553
0,622,0.32158,0.76775,0.61147
0,623,0.01554,0.21656,0.77675
0,624,0.85687,0.45134,0.65094
0,625,0.27579,0.12766,0.49888
0,626,0.75192,0.53120,0.81727
0,627,0.92100,0.28363,0.94071
0,628,0.55129,0.55244,0.94087
0,629,0.26573,0.19812,0.80159
0,630,0.26694,0.45737,0.07306
0,631,0.89232,0.14372,0.48338
0,632,0.23349,0.31976,0.22196
0,633,0.43738,0.06857,0.48122
0,634,0.94454,0.82290,0.46624
0,635,0.14493,0.91666,0.37922
0,636,0.58508,0.45264,0.46000
0,637,0.18622,0.74135,0.91895
0,638,0.86167,0.04629,0.95640
0,639,0.16627,0.47899,0.31555
0,640,0.42595,0.96726,0.77690
0,641,0.35837,0.08534,0.24644
0,642,0.86555,0.32315,0.10986
0,643,0.34033,0.98746,0.25169
0,644,0.20317,0.75164,0.87922
0,645,0.01908,0.62870,0.56251
0,646,0.16033,0.64886,0.32666
0,647,0.11090,0.84070,0.61016
0,648,0.93373,0.21422,0.31757
0,649,0.47971,0.40337,0.40820
0,650,0.63179,0.44701,0.82378
0,651,0.32966,0.60914,0.74189
0,652,0.94266,0.35294,0.91551
0,653,0.05470,0.39780,0.79331
0,654,0.19351,0.29812,0.57164
0,655,0.46961,0.65169,0.92933
0,656,0.31892,0.09412,0.94681
0,657,0.07637,0.52638,0.90378
0,658,0.89603,0.50093,0.07036
0,659,0.57530,0.02057,0.74188
0,660,0.83327,0.71774,0.06432
0,661,0.04316,0.37735,0.18181
0,662,0.60386,0.12711,0.36647
0,663,0.33231,0.05965,0.52729
0,664,0.08531,0.84516,0.66008
0,665,0.92707,0.20029,0.29854
0,666,0.51206,0.18013,0.45141
0,667,0.86632,0.30506,0.10056
0,668,0.11247,0.30729,0.57908
0,669,0.56390,0.53834,0.93968
0,670,0.13929,0.12291,0.79853
0,671,0.87333,0.10707,0.46927
0,672,0.06341,0.73939,0.93950
0,673,0.22313,0.09075,0.21064
0,674,0.16498,0.77227,0.52477
0,675,0.86305,0.31497,0.66432
0,676,0.17256,0.14866,0.51507
0,677,0.82929,0.92731,0.29186
0,678,0.33341,0.68527,0.25855
0,679,0.43376,0.19622,0.90110
0,680,0.82249,0.51837,0.21043
0,681,0.78068,0.80731,0.40453
0,682,0.99706,0.50786,0.67609
0,683,0.99848,0.43120,0.12537
0,684,0.12315,0.80846,0.70600
0,685,0.80555,0.90951,0.21794
0,686,0.88706,0.76611,0.02833
0,687,0.07654,0.39749,0.67290
0,688,0.46408,0.76047,0.26417
0,689,0.97176,0.38507,0.94213
0,690,0.39904,0.74131,0.18495
0,691,0.45867,0.84554,0.99512
0,692,0.05814,0.17274,0.18917
0,693,0.41962,0.47454,0.66896
0,694,0.23253,0.10147,0.33049
0,695,0.48559,0.37024,0.64752
0,696,0.92420,0.00537,0.23147
0,697,0.33709,0.41204,0.21362
0,698,0.25565,0.71161,0.95452
0,699,0.61799,0.62961,0.88286
0,700,0.19522,0.97961,0.26075
0,701,0.42838,0.79775,0.81069
0,702,0.30408,0.62824,0.76747
0,703,0.91795,0.01477,0.17121
0,704,0.54074,0.14799,0.31354
0,705,0.71232,0.03189,0.99730
0,706,0.56103,0.25504,0.41637
0,707,0.91342,0.81889,0.02032
0,708,0.55657,0.23876,0.90398
0,709,0.27462,0.57484,0.35432
0,710,0.08535,0.44036,0.10887
0,711,0.71182,0.54282,0.24694
0,712,0.35818,0.92319,0.11313
0,713,0.35799,0.69979,0.43355
0,714,0.72757,0.22186,0.78808
0,715,0.32125,0.23805,0.85034
0,716,0.58636,0.88315,0.15069
0,717,0.68169,0.17184,0.14296
0,718,0.75883,0.73141,0.87304
0,719,0.15307,0.62783,0.96172
0,720,0.70968,0.67143,0.68569
0,721,0.41322,0.99124,0.69164
0,722,0.38545,0.31175,0.53253
0,723,0.22246,0.93322,0.59911
0,724,0.28268,0.00874,0.96980
0,725,0.42137,0.95762,0.72141
0,726,0.79961,0.11134,0.29783
0,727,0.70853,0.30804,0.15021
0,728,0.66226,0.60954,0.54868
0,729,0.64546,0.19179,0.40150
0,730,0.04026,0.67613,0.67215
0,731,0.80939,0.36469,0.35056
0,732,0.81395,0.05589,0.26498
0,733,0.54775,0.01466,0.44746
0,734,0.47444,0.83138,0.08064
0,735,0.26105,0.49006,0.46762
0,736,0.28601,0.90095,0.24073
0,737,0.96435,0.88235,0.73381
0,738,0.08380,0.36711,0.96610
0,739,0.29393,0.05703,0.44066
0,740,0.14938,0.57197,0.10574
0,741,0.19521,0.83530,0.83547
0,742,0.82184,0.74797,0.11560
0,743,0.91564,0.17256,0.18096
0,744,0.37152,0.21246,0.77640
0,745,0.02225,0.97798,0.83840
0,746,0.93324,0.89003,0.67380
0,747,0.61418,0.45385,0.91235
0,748,0.88954,0.41684,0.88000
0,749,0.23804,0.76747,0.86426
0,750,0.53400,0.96310,0.74218
0,751,0.83198,0.03457,0.93921
0,752,0.34107,0.34466,0.63307
0,753,0.04728,0.70064,0.66018
0,754,0.61964,0.22004,0.28354
0,755,0.48284,0.08673,0.65984
0,756,0.97025,0.98305,0.13777
0,757,0.47161,0.38408,0.16078
0,758,0.28448,0.27583,0.82018
0,759,0.75161,0.24446,0.64677
0,760,0.25904,0.74356,0.07354
0,761,0.96405,0.77306,0.78804
0,762,0.50570,0.34283,0.99774
0,763,0.94936,0.87318,0.50868
0,764,0.39746,0.07402,0.06099
0,765,0.08561,0.89743,0.08999
0,766,0.40918,0.04105,0.99205
0,767,0.30104,0.54986,0.49620
0,768,0.58533,0.69587,0.56567
0,769,0.23496,0.00068,0.39760
0,770,0.40164,0.31995,0.39767
0,771,0.65721,0.79576,0.40391
0,772,0.43923,0.11089,0.80721
0,773,0.75996,0.69856,0.65030
0,774,0.60657,0.55335,0.09946
0,775,0.54608,0.92247,0.89610
0,776,0.81839,0.74700,0.90842
0,777,0.80783,0.18033,0.76582
0,778,0.06730,0.11416,0.76223
0,779,0.77538,0.77102,0.59769
0,780,0.34058,0.13184,0.90356
0,781,0.20109,0.80115,0.97488
0,782,0.88556,0.68181,0.26355
0,783,0.45837,0.85967,0.40027
0,784,0.37598,0.06104,0.96014
0,785,0.06141,0.18429,0.43357
0,786,0.98493,0.71048,0.11350
0,787,0.57219,0.75588,0.10422
0,788,0.60152,0.67050,0.13370
0,789,0.12288,0.25416,0.63094
0,790,0.22328,0.60070,0.90545
0,791,0.81423,0.70418,0.10888
0,792,0.94994,0.71157,0.29448
0,793,0.24709,0.89916,0.16533
0,794,0.73748,0.83767,0.70600
0,795,0.69362,0.65607,0.55062
0,796,0.27287,0.12908,0.47404
0,797,0.24444,0.27431,0.37571
0,798,0.48628,0.91376,0.57122
0,799,0.50538,0.93475,0.33383
0,800,0.62688,0.96282,0.08549
0,801,0.84803,0.86786,0.11072
0,802,0.83481,0.62879,0.08642
0,803,0.54075,0.33917,0.38709
0,804,0.88353,0.47866,0.90260
0,805,0.07708,0.41388,0.04481
0,806,0.08672,0.56226,0.82557
0,807,0.34029,0.22927,0.39693
0,808,0.18198,0.56146,0.52033
0,809,0.12894,0.13446,0.86420
0,810,0.64172,0.33987,0.17940
0,811,0.13044,0.24183,0.40238
0,812,0.78437,0.97829,0.04984
0,813,0.71022,0.62879,0.99960
0,814,0.26053,0.65372,0.12253
0,815,0.36380,0.34545,0.98963
0,816,0.75191,0.29955,0.56182
0,817,0.51468,0.15702,0.09602
0,818,0.79729,0.12589,0.90298
0,819,0.45071,0.15779,0.90710
0,820,0.58116,0.54506,0.80773
0,821,0.53484,0.07740,0.80391
0,822,0.38258,0.98333,0.82541
0,823,0.68751,0.96983,0.95055
0,824,0.88517,0.97527,0.42828
0,825,0.16810,0.22322,0.63026
0,826,0.74587,0.77670,0.92242
0,827,0.10251,0.88668,0.36733
0,828,0.78504,0.20996,0.71883
0,829,0.44173,0.18501,0.45861
0,830,0.90258,0.66472,0.95090
0,831,0.71159,0.72857,0.12205
0,832,0.30396,0.65355,0.20507
0,833,0.62790,0.08268,0.60400
0,834,0.51052,0.22679,0.59910
0,835,0.07757,0.79793,0.82112
0,836,0.57736,0.72663,0.45802
0,837,0.90136,0.10371,0.97693
0,838,0.21181,0.86909,0.80535
0,839,0.55343,0.57824,0.47961
0,840,0.79249,0.37988,0.65514
0,841,0.86630,0.94161,0.61722
0,842,0.55691,0.05381,0.40134
0,843,0.31825,0.83341,0.14109
0,844,0.29350,0.91952,0.34555
0,845,0.69643,0.90736,0.97503
0,846,0.35854,0.99211,0.43326
0,847,0.72706,0.65134,0.12397
0,848,0.53381,0.73428,0.03846
0,849,0.32267,0.17074,0.61881
0,850,0.41499,0.80597,0.92094
0,851,0.23928,0.53826,0.57710
0,852,0.27884,0.48071,0.35191
0,853,0.56453,0.09377,0.95454
0,854,0.03734,0.55584,0.97163
0,855,0.12793,0.18096,0.31291
0,856,0.12596,0.04815,0.19141
0,857,0.08413,0.05305,0.61610
0,858,0.87216,0.42302,0.69908
0,859,0.40679,0.00314,0.79006
0,860,0.50631,0.50582,0.31329
0,861,0.52973,0.21254,0.13419
0,862,0.38158,0.18972,0.59113
0,863,0.18849,0.90030,0.39723
0,864,0.17504,0.90801,0.84818
0,865,0.28146,0.44382,0.22694
0,866,0.11893,0.77307,0.02110
0,867,0.56950,0.51372,0.14001
0,868,0.22492,0.25879,0.45031
0,869,0.30986,0.84169,0.28074
0,870,0.39398,0.59757,0.40703
0,871,0.93206,0.07508,0.93410
0,872,0.45855,0.79415,0.23086
0,873,0.08032,0.01071,0.97027
0,874,0.37041,0.46905,0.40143
0,875,0.81371,0.94243,0.45045
0,876,0.70206,0.55048,0.84792
0,877,0.93465,0.69859,0.25296
0,878,0.54240,0.18558,0.99421
0,879,0.75443,0.65565,0.51973
0,880,0.11705,0.28744,0.00018
0,881,0.00180,0.31864,0.42133
0,882,0.25810,0.87391,0.79592
0,883,0.96255,0.56215,0.13646
0,884,0.46024,0.22182,0.14951
0,885,0.75850,0.13299,0.21012
0,886,0.50915,0.34626,0.63932
0,887,0.07285,0.34020,0.74550
0,888,0.67383,0.99137,0.91755
0,889,0.31085,0.53264,0.13385
0,890,0.61799,0.55332,0.65250
0,891,0.55453,0.05812,0.84572
0,892,0.01423,0.20683,0.23743
0,893,0.52271,0.24189,0.38922
0,894,0.64716,0.76457,0.16228
0,895,0.39672,0.63051,0.94935
0,896,0.67040,0.49613,0.41917
0,897,0.90775,0.59464,0.07205
0,898,0.01847,0.38404,0.51860
0,899,0.08281,0.83672,0.74225
0,900,0.06871,0.76739,0.44783
0,901,0.69357,0.75628,0.78266
0,902,0.08458,0.58206,0.75753
0,903,0.72575,0.60183,0.97807
0,904,0.45780,0.20621,0.72087
0,905,0.72450,0.67987,0.61285
0,906,0.19616,0.86129,0.71195
0,907,0.79526,0.95391,0.32551
0,908,0.88981,0.05682,0.03077
0,909,0.18738,0.37793,0.91246
0,910,0.77200,0.06949,0.87255
0,911,0.89562,0.73832,0.89838
0,912,0.12849,0.61458,0.22738
0,913,0.57954,0.40576,0.63977
0,914,0.60480,0.93983,0.70669
0,915,0.30509,0.59084,0.29721
0,916,0.20270,0.71659,0.76749
0,917,0.23657,0.04966,0.61948
0,918,0.64626,0.63500,0.36098
0,919,0.94569,0.29338,0.83327
0,920,0.84352,0.00811,0.37629
0,921,0.34362,0.28408,0.49695
0,922,0.18114,0.40134,0.30484
0,923,0.50918,0.78917,0.62583
0,924,0.28924,0.26847,0.10900
0,925,0.01210,0.34029,0.22961
0,926,0.05305,0.67301,0.28342
0,927,0.42932,0.54419,0.15738
0,928,0.05538,0.85146,0.53166
0,929,0.66999,0.46534,0.97334
0,930,0.88898,0.08322,0.75539
0,931,0.90927,0.04124,0.11566
0,932,0.87382,0.21242,0.18495
0,933,0.44853,0.37257,0.73063
0,934,0.64757,0.70640,0.41807
0,935,0.44979,0.66587,0.30082
0,936,0.87054,0.08277,0.16687
0,937,0.55450,0.56479,0.36124
0,938,0.43275,0.19577,0.25462
0,939,0.43040,0.78450,0.15179
0,940,0.19821,0.39788,0.10882
0,941,0.98570,0.72992,0.69636
0,942,0.71624,0.84444,0.51774
0,943,0.65258,0.98909,0.67161
0,944,0.79007,0.66611,0.37592
0,945,0.01837,0.70678,0.78676
0,946,0.06182,0.98560,0.92837
0,947,0.14444,0.68273,0.62922
0,948,0.36013,0.65644,0.83593
0,949,0.48130,0.22970,0.64309
0,950,0.41620,0.08310,0.62472
0,951,0.66721,0.78151,0.82779
0,952,0.72280,0.10666,0.61750
0,953,0.28141,0.68115,0.13256
0,954,0.89149,0.23502,0.91935
0,955,0.43471,0.10996,0.13109
0,956,0.14877,0.30546,0.93986
0,957,0.22324,0.93064,0.29771
0,958,0.66457,0.37313,0.24185
0,959,0.75921,0.98675,0.29174
0,960,0.28531,0.16687,0.63497
0,961,0.90479,0.73956,0.81475
0,962,0.57573,0.37402,0.09610
0,963,0.19266,0.99814,0.77588
0,964,0.18274,0.22854,0.14043
0,965,0.16578,0.33543,0.56393
0,966,0.93126,0.66279,0.54889
0,967,0.19414,0.84492,0.50032
0,968,0.93498,0.19352,0.46017
0,969,0.06154,0.27780,0.00267
0,970,0.87498,0.86887,0.15290
0,971,0.84078,0.90845,0.34279
0,972,0.31430,0.41201,0.63842
0,973,0.88591,0.49845,0.46307
0,974,0.88988,0.22421,0.33879
0,975,0.03285,0.09026,0.00636
0,976,0.94320,0.29149,0.01258
0,977,0.42681,0.46537,0.45176
0,978,0.79397,0.23657,0.03796
0,979,0.97049,0.01630,0.95305
0,980,0.87396,0.60171,0.96168
0,981,0.93052,0.29539,0.64223
0,982,0.04069,0.81615,0.99089
0,983,0.81164,0.25599,0.49955
0,984,0.93651,0.00039,0.58277
0,985,0.69668,0.14771,0.54326
0,986,0.58892,0.00954,0.32079
0,987,0.47109,0.56554,0.06416
0,988,0.36438,0.14938,0.61455
0,989,0.67131,0.68816,0.89201
0,990,0.08925,0.95982,0.67068
0,991,0.13966,0.28809,0.90191
0,992,0.43226,0.99659,0.66394
0,993,0.84869,0.85355,0.54703
0,994,0.89105,0.81137,0.67117
0,995,0.29558,0.73788,0.49741
0,996,0.94529,0.46407,0.56473
0,997,0.37255,0.52705,0.08662
0,998,0.90076,0.01084,0.10841
0,999,0.09952,0.57626,0.24152
